age,monthly_allowance,financial_literacy_score,risk_appetite,sip_amount,fund_category,fund_risk_category,fund_name,fund_risk_score,min_investment,label
19,3677,6.6,High,300.0,Equity,High,Unknown,2.5,500,1
16,2628,8.8,Medium,600.0,Hybrid,Medium,Unknown,2.5,500,1
17,2680,6.1,Low,400.0,Debt,Low,Unknown,2.5,500,1
19,637,1.3,Medium,0.0,Index,Medium,Generic Index Fund,2.5,500,0
15,3972,9.4,Low,1000.0,Debt,Low,Unknown,2.5,500,1
17,3332,7.2,Medium,400.0,Balanced,Medium,Generic Balanced Fund,2.5,500,1
17,4079,7.1,Medium,500.0,Balanced,Medium,Generic Balanced Fund,2.5,500,1
19,3531,2.9,Medium,300.0,Balanced,Medium,Generic Balanced Fund,2.5,500,0
14,4664,6.9,Medium,800.0,Index,Medium,Generic Index Fund,2.5,500,1
15,3093,4.5,High,300.0,Equity,High,Unknown,2.5,500,0
19,4800,6.9,High,1200.0,Equity,High,Unknown,2.5,500,1
15,4318,2.0,Medium,200.0,Index,Medium,Generic Index Fund,2.5,500,0
15,4638,6.9,Medium,800.0,Balanced,Medium,Generic Balanced Fund,2.5,500,1
17,4323,10.0,Medium,1000.0,Hybrid,Medium,Unknown,2.5,500,1
16,4542,1.4,Low,200.0,Debt,Low,Unknown,2.5,500,0
15,2406,9.8,Low,700.0,Liquid,Low,Generic Liquid Fund,2.5,500,1
18,1260,4.7,Low,100.0,Debt,Low,Unknown,2.5,500,1
17,3945,8.8,Medium,800.0,Balanced,Medium,Generic Balanced Fund,2.5,500,1
14,1399,8.0,Medium,400.0,Hybrid,Medium,Unknown,2.5,500,1
16,4955,6.1,Low,900.0,Debt,Low,Unknown,2.5,500,1
18,3447,7.6,High,400.0,Sectoral,High,Generic Sectoral Fund,2.5,500,1
18,2219,8.9,High,500.0,Equity,High,Unknown,2.5,500,1
14,780,4.6,Medium,100.0,Hybrid,Medium,Unknown,2.5,500,1
16,3766,3.9,Medium,200.0,Balanced,Medium,Generic Balanced Fund,2.5,500,1
17,2387,7.0,High,400.0,Equity,High,Unknown,2.5,500,1
13,3766,8.3,Low,300.0,Liquid,Low,Generic Liquid Fund,2.5,500,1
16,1166,7.9,Medium,100.0,Index,Medium,Generic Index Fund,2.5,500,1
14,4688,8.2,Low,800.0,Liquid,Low,Generic Liquid Fund,2.5,500,1
18,1171,4.9,Medium,100.0,Hybrid,Medium,Unknown,2.5,500,1
17,2469,8.4,Low,600.0,Debt,Low,Unknown,2.5,500,1
16,4656,2.1,High,100.0,Equity,High,Unknown,2.5,500,0
13,3622,5.9,High,700.0,Small Cap,High,Generic Small Cap Fund,2.5,500,0
13,4400,1.1,Low,0.0,Liquid,Low,Generic Liquid Fund,2.5,500,0
15,1023,3.9,Medium,100.0,Index,Medium,Generic Index Fund,2.5,500,1
15,2893,4.3,High,100.0,Equity,High,Unknown,2.5,500,0
19,3617,4.6,Medium,400.0,Hybrid,Medium,Unknown,2.5,500,1
14,3093,7.3,High,800.0,Equity,High,Unknown,2.5,500,0
16,2468,4.5,Medium,300.0,Hybrid,Medium,Unknown,2.5,500,1
16,2253,5.0,Low,300.0,Debt,Low,Unknown,2.5,500,1
19,2796,3.1,Low,100.0,Liquid,Low,Generic Liquid Fund,2.5,500,1
18,2761,4.4,Low,300.0,Debt,Low,Unknown,2.5,500,1
18,2786,3.0,Medium,100.0,Hybrid,Medium,Unknown,2.5,500,1
19,4702,1.7,Low,100.0,Debt,Low,Unknown,2.5,500,0
18,3378,6.4,Medium,200.0,Index,Medium,Generic Index Fund,2.5,500,1
15,4643,7.0,Medium,900.0,Balanced,Medium,Generic Balanced Fund,2.5,500,1
16,4144,6.6,Medium,400.0,Balanced,Medium,Generic Balanced Fund,2.5,500,1
19,4932,5.2,High,500.0,Small Cap,High,Generic Small Cap Fund,2.5,500,1
16,2555,4.4,High,300.0,Equity,High,Unknown,2.5,500,1
13,1776,8.8,Medium,200.0,Balanced,Medium,Generic Balanced Fund,2.5,500,1
15,3266,5.7,High,500.0,Equity,High,Unknown,2.5,500,0
17,802,5.3,Medium,0.0,Hybrid,Medium,Unknown,2.5,500,1
15,1138,1.2,Medium,0.0,Index,Medium,Generic Index Fund,2.5,500,0
19,555,4.1,High,100.0,Sectoral,High,Generic Sectoral Fund,2.5,500,1
17,1025,4.4,Low,0.0,Debt,Low,Unknown,2.5,500,1
13,4623,4.6,Low,600.0,Debt,Low,Unknown,2.5,500,1
19,2625,6.2,High,300.0,Equity,High,Unknown,2.5,500,1
14,3787,5.8,Medium,300.0,Hybrid,Medium,Unknown,2.5,500,1
16,864,6.5,High,100.0,Equity,High,Unknown,2.5,500,1
13,2146,7.9,High,300.0,Equity,High,Unknown,2.5,500,0
16,1418,8.3,Low,300.0,Debt,Low,Unknown,2.5,500,1
18,3297,7.5,High,800.0,Sectoral,High,Generic Sectoral Fund,2.5,500,1
14,2031,9.6,Medium,500.0,Hybrid,Medium,Unknown,2.5,500,1
14,3845,1.2,Medium,100.0,Hybrid,Medium,Unknown,2.5,500,0
13,2406,2.8,Medium,100.0,Balanced,Medium,Generic Balanced Fund,2.5,500,0
14,3586,1.1,High,100.0,Sectoral,High,Generic Sectoral Fund,2.5,500,0
17,2575,6.8,Low,300.0,Debt,Low,Unknown,2.5,500,1
14,1213,9.1,Medium,200.0,Hybrid,Medium,Unknown,2.5,500,1
16,1562,3.2,Medium,100.0,Hybrid,Medium,Unknown,2.5,500,1
16,2476,9.3,Medium,300.0,Balanced,Medium,Generic Balanced Fund,2.5,500,1
19,1796,1.5,Medium,100.0,Balanced,Medium,Generic Balanced Fund,2.5,500,0
16,625,9.4,Low,200.0,Liquid,Low,Generic Liquid Fund,2.5,500,1
19,4096,4.2,Low,600.0,Liquid,Low,Generic Liquid Fund,2.5,500,1
16,3783,1.9,Low,100.0,Liquid,Low,Generic Liquid Fund,2.5,500,0
17,2103,5.4,High,200.0,Sectoral,High,Generic Sectoral Fund,2.5,500,1
19,566,3.3,Low,0.0,Debt,Low,Unknown,2.5,500,1
15,732,3.6,Low,100.0,Debt,Low,Unknown,2.5,500,1
18,2656,3.8,High,100.0,Small Cap,High,Generic Small Cap Fund,2.5,500,1
13,1669,8.2,Low,300.0,Debt,Low,Unknown,2.5,500,1
16,2658,5.9,High,200.0,Equity,High,Unknown,2.5,500,1
14,4706,3.8,Medium,500.0,Balanced,Medium,Generic Balanced Fund,2.5,500,1
16,1993,6.5,High,200.0,Equity,High,Unknown,2.5,500,1
14,4507,7.4,Low,900.0,Debt,Low,Unknown,2.5,500,1
18,2972,3.5,Low,200.0,Debt,Low,Unknown,2.5,500,1
18,3160,4.7,Medium,400.0,Hybrid,Medium,Unknown,2.5,500,1
18,3239,2.1,High,100.0,Sectoral,High,Generic Sectoral Fund,2.5,500,0
14,2261,2.6,Medium,200.0,Hybrid,Medium,Unknown,2.5,500,0
16,4014,7.1,Low,800.0,Debt,Low,Unknown,2.5,500,1
18,2475,2.6,Medium,100.0,Balanced,Medium,Generic Balanced Fund,2.5,500,0
17,2862,5.7,Medium,500.0,Balanced,Medium,Generic Balanced Fund,2.5,500,1
19,1376,7.4,Medium,300.0,Balanced,Medium,Generic Balanced Fund,2.5,500,1
14,4312,2.0,Medium,100.0,Hybrid,Medium,Unknown,2.5,500,0
14,3948,6.1,High,500.0,Sectoral,High,Generic Sectoral Fund,2.5,500,0
16,1812,3.3,Medium,100.0,Hybrid,Medium,Unknown,2.5,500,1
14,1960,9.7,Low,400.0,Liquid,Low,Generic Liquid Fund,2.5,500,1
14,3209,5.4,Medium,500.0,Hybrid,Medium,Unknown,2.5,500,1
18,2824,8.3,Low,300.0,Liquid,Low,Generic Liquid Fund,2.5,500,1
16,2233,6.0,Medium,300.0,Hybrid,Medium,Unknown,2.5,500,1
18,2105,1.4,Medium,100.0,Hybrid,Medium,Unknown,2.5,500,0
19,3063,6.7,Low,600.0,Debt,Low,Unknown,2.5,500,1
19,3921,9.6,Low,600.0,Liquid,Low,Generic Liquid Fund,2.5,500,1
18,4017,6.4,Low,900.0,Debt,Low,Unknown,2.5,500,1
19,2897,8.4,High,500.0,Small Cap,High,Generic Small Cap Fund,2.5,500,1
16,4235,9.0,High,700.0,Equity,High,Unknown,2.5,500,1
13,3370,3.1,Low,300.0,Debt,Low,Unknown,2.5,500,1
18,1660,2.9,High,100.0,Equity,High,Unknown,2.5,500,0
17,742,6.5,Medium,100.0,Index,Medium,Generic Index Fund,2.5,500,1
17,3090,4.7,Low,300.0,Debt,Low,Unknown,2.5,500,1
14,1563,8.6,Low,400.0,Liquid,Low,Generic Liquid Fund,2.5,500,1
19,4824,9.1,Medium,1200.0,Index,Medium,Generic Index Fund,2.5,500,1
17,3095,4.2,Medium,200.0,Index,Medium,Generic Index Fund,2.5,500,1
14,1419,3.1,Medium,100.0,Balanced,Medium,Generic Balanced Fund,2.5,500,1
13,505,8.0,Low,100.0,Debt,Low,Unknown,2.5,500,1
16,967,3.5,Low,100.0,Liquid,Low,Generic Liquid Fund,2.5,500,1
16,4670,8.4,Medium,600.0,Hybrid,Medium,Unknown,2.5,500,1
16,503,4.8,Low,100.0,Debt,Low,Unknown,2.5,500,1
17,1145,7.0,Low,200.0,Debt,Low,Unknown,2.5,500,1
13,617,1.9,Low,0.0,Debt,Low,Unknown,2.5,500,0
17,3428,6.6,High,300.0,Equity,High,Unknown,2.5,500,1
19,3051,5.1,High,200.0,Equity,High,Unknown,2.5,500,1
17,4789,6.3,Medium,900.0,Hybrid,Medium,Unknown,2.5,500,1
13,1346,2.5,High,100.0,Equity,High,Unknown,2.5,500,0
13,3262,7.6,Low,300.0,Debt,Low,Unknown,2.5,500,1
19,1641,8.8,Medium,200.0,Hybrid,Medium,Unknown,2.5,500,1
13,2310,3.0,Low,100.0,Debt,Low,Unknown,2.5,500,1
13,1223,1.9,Medium,0.0,Hybrid,Medium,Unknown,2.5,500,0
16,724,1.2,High,0.0,Equity,High,Unknown,2.5,500,0
19,4708,6.8,Medium,700.0,Balanced,Medium,Generic Balanced Fund,2.5,500,1
15,2548,6.5,Low,300.0,Debt,Low,Unknown,2.5,500,1
15,4915,5.9,Medium,500.0,Balanced,Medium,Generic Balanced Fund,2.5,500,1
13,2073,3.1,Low,100.0,Debt,Low,Unknown,2.5,500,1
15,2328,4.5,High,200.0,Sectoral,High,Generic Sectoral Fund,2.5,500,0
15,2417,6.4,Medium,300.0,Hybrid,Medium,Unknown,2.5,500,1
13,4734,5.5,Medium,300.0,Hybrid,Medium,Unknown,2.5,500,1
15,2526,9.9,Medium,400.0,Balanced,Medium,Generic Balanced Fund,2.5,500,1
17,4244,2.2,Medium,200.0,Hybrid,Medium,Unknown,2.5,500,0
14,1401,7.3,Low,300.0,Debt,Low,Unknown,2.5,500,1
19,2539,4.6,Medium,200.0,Balanced,Medium,Generic Balanced Fund,2.5,500,1
14,509,4.9,Low,100.0,Debt,Low,Unknown,2.5,500,1
13,760,7.5,Medium,100.0,Hybrid,Medium,Unknown,2.5,500,1
16,2173,7.2,High,200.0,Equity,High,Unknown,2.5,500,1
19,2719,9.9,High,800.0,Small Cap,High,Generic Small Cap Fund,2.5,500,1
13,2560,2.2,Medium,100.0,Balanced,Medium,Generic Balanced Fund,2.5,500,0
16,4213,1.9,Medium,200.0,Hybrid,Medium,Unknown,2.5,500,0
14,2119,7.5,Low,200.0,Debt,Low,Unknown,2.5,500,1
13,820,6.2,Medium,100.0,Balanced,Medium,Generic Balanced Fund,2.5,500,1
19,1842,3.5,Low,100.0,Liquid,Low,Generic Liquid Fund,2.5,500,1
19,2876,1.7,Medium,100.0,Hybrid,Medium,Unknown,2.5,500,0
18,3332,1.8,Low,100.0,Debt,Low,Unknown,2.5,500,0
17,3324,9.0,Low,800.0,Liquid,Low,Generic Liquid Fund,2.5,500,1
15,2494,2.7,Medium,100.0,Hybrid,Medium,Unknown,2.5,500,0
16,3458,3.9,Low,300.0,Debt,Low,Unknown,2.5,500,1
18,2538,3.0,Medium,100.0,Index,Medium,Generic Index Fund,2.5,500,1
15,3990,4.2,Low,600.0,Debt,Low,Unknown,2.5,500,1
15,4177,1.6,Low,100.0,Debt,Low,Unknown,2.5,500,0
13,1618,5.7,Medium,200.0,Hybrid,Medium,Unknown,2.5,500,1
15,2104,1.6,Low,100.0,Debt,Low,Unknown,2.5,500,0
17,4527,8.2,Low,500.0,Debt,Low,Unknown,2.5,500,1
19,735,3.1,Medium,0.0,Index,Medium,Generic Index Fund,2.5,500,1
18,2469,5.9,Low,300.0,Debt,Low,Unknown,2.5,500,1
15,4929,8.9,High,1300.0,Sectoral,High,Generic Sectoral Fund,2.5,500,0
13,2408,6.9,Low,300.0,Liquid,Low,Generic Liquid Fund,2.5,500,1
17,875,5.8,Low,100.0,Debt,Low,Unknown,2.5,500,1
14,4030,3.9,Medium,300.0,Hybrid,Medium,Unknown,2.5,500,1
19,3135,4.0,Low,200.0,Debt,Low,Unknown,2.5,500,1
19,2070,7.0,Low,400.0,Liquid,Low,Generic Liquid Fund,2.5,500,1
18,3060,9.9,Low,700.0,Liquid,Low,Generic Liquid Fund,2.5,500,1
19,3891,7.0,Low,600.0,Debt,Low,Unknown,2.5,500,1
15,3465,6.0,High,300.0,Sectoral,High,Generic Sectoral Fund,2.5,500,0
13,4143,7.6,Low,900.0,Debt,Low,Unknown,2.5,500,1
19,4350,5.2,Medium,200.0,Index,Medium,Generic Index Fund,2.5,500,1
19,1372,1.5,High,0.0,Equity,High,Unknown,2.5,500,0
14,1752,6.1,Medium,100.0,Balanced,Medium,Generic Balanced Fund,2.5,500,1
14,1814,9.6,High,400.0,Sectoral,High,Generic Sectoral Fund,2.5,500,0
16,3398,2.6,Low,300.0,Debt,Low,Unknown,2.5,500,0
17,577,7.2,High,100.0,Equity,High,Unknown,2.5,500,1
15,3121,2.8,Low,200.0,Debt,Low,Unknown,2.5,500,0
19,4727,5.8,Medium,400.0,Hybrid,Medium,Unknown,2.5,500,1
19,1100,1.9,Medium,0.0,Hybrid,Medium,Unknown,2.5,500,0
13,1565,5.1,Low,100.0,Liquid,Low,Generic Liquid Fund,2.5,500,1
16,2636,7.8,Medium,400.0,Hybrid,Medium,Unknown,2.5,500,1
17,2949,4.1,Medium,400.0,Hybrid,Medium,Unknown,2.5,500,1
16,2843,7.0,Low,400.0,Debt,Low,Unknown,2.5,500,1
18,2363,8.2,Low,200.0,Debt,Low,Unknown,2.5,500,1
17,1818,9.3,Medium,200.0,Hybrid,Medium,Unknown,2.5,500,1
19,4097,3.1,Medium,200.0,Balanced,Medium,Generic Balanced Fund,2.5,500,1
19,4262,4.6,High,300.0,Sectoral,High,Generic Sectoral Fund,2.5,500,1
17,2690,2.4,Medium,200.0,Balanced,Medium,Generic Balanced Fund,2.5,500,0
19,1492,9.9,High,400.0,Sectoral,High,Generic Sectoral Fund,2.5,500,1
15,3212,9.3,Medium,900.0,Hybrid,Medium,Unknown,2.5,500,1
17,2692,5.9,Low,400.0,Liquid,Low,Generic Liquid Fund,2.5,500,1
16,1748,8.6,Low,200.0,Debt,Low,Unknown,2.5,500,1
17,3554,5.7,Medium,200.0,Balanced,Medium,Generic Balanced Fund,2.5,500,1
19,4533,6.6,Medium,800.0,Hybrid,Medium,Unknown,2.5,500,1
15,2497,1.8,Low,100.0,Liquid,Low,Generic Liquid Fund,2.5,500,0
15,4187,7.8,Low,500.0,Liquid,Low,Generic Liquid Fund,2.5,500,1
18,2651,2.1,High,100.0,Sectoral,High,Generic Sectoral Fund,2.5,500,0
16,4518,8.4,Medium,700.0,Hybrid,Medium,Unknown,2.5,500,1
14,3610,8.0,Medium,600.0,Hybrid,Medium,Unknown,2.5,500,1
14,2470,7.4,Medium,400.0,Balanced,Medium,Generic Balanced Fund,2.5,500,1
17,697,1.3,Low,0.0,Liquid,Low,Generic Liquid Fund,2.5,500,0
18,3126,3.7,Low,200.0,Debt,Low,Unknown,2.5,500,1
13,1702,3.4,Low,100.0,Liquid,Low,Generic Liquid Fund,2.5,500,1
17,2535,4.2,Low,100.0,Liquid,Low,Generic Liquid Fund,2.5,500,1
18,977,1.8,Medium,0.0,Hybrid,Medium,Unknown,2.5,500,0
16,1754,9.4,Medium,200.0,Index,Medium,Generic Index Fund,2.5,500,1
16,1422,6.0,High,200.0,Equity,High,Unknown,2.5,500,1
16,919,3.7,High,100.0,Equity,High,Unknown,2.5,500,1
16,2704,4.6,Low,200.0,Debt,Low,Unknown,2.5,500,1
16,3097,5.0,Medium,300.0,Balanced,Medium,Generic Balanced Fund,2.5,500,1
18,1620,6.4,Medium,100.0,Balanced,Medium,Generic Balanced Fund,2.5,500,1
18,3568,5.6,High,300.0,Equity,High,Unknown,2.5,500,1
15,1450,9.3,Low,200.0,Debt,Low,Unknown,2.5,500,1
14,2836,5.5,Medium,300.0,Balanced,Medium,Generic Balanced Fund,2.5,500,1
19,2743,9.9,Medium,400.0,Balanced,Medium,Generic Balanced Fund,2.5,500,1
16,3145,8.7,Low,500.0,Debt,Low,Unknown,2.5,500,1
13,2357,2.9,Low,100.0,Liquid,Low,Generic Liquid Fund,2.5,500,0
19,2365,9.4,Medium,800.0,Hybrid,Medium,Unknown,2.5,500,1
18,3412,2.0,Medium,100.0,Hybrid,Medium,Unknown,2.5,500,0
13,3353,8.4,Low,400.0,Debt,Low,Unknown,2.5,500,1
13,3728,4.4,Medium,200.0,Hybrid,Medium,Unknown,2.5,500,1
13,4219,8.9,Low,1000.0,Liquid,Low,Generic Liquid Fund,2.5,500,1
15,3728,8.8,Medium,400.0,Hybrid,Medium,Unknown,2.5,500,1
18,2871,8.3,Low,800.0,Liquid,Low,Generic Liquid Fund,2.5,500,1
13,3391,8.1,High,600.0,Equity,High,Unknown,2.5,500,0
16,4256,3.7,Low,400.0,Debt,Low,Unknown,2.5,500,1
17,4725,1.7,Low,200.0,Liquid,Low,Generic Liquid Fund,2.5,500,0
13,594,4.6,Low,0.0,Liquid,Low,Generic Liquid Fund,2.5,500,1
15,3174,2.6,Low,100.0,Debt,Low,Unknown,2.5,500,0
19,2455,7.3,Medium,300.0,Balanced,Medium,Generic Balanced Fund,2.5,500,1
18,1293,4.1,Low,100.0,Debt,Low,Unknown,2.5,500,1
15,2334,9.8,High,400.0,Equity,High,Unknown,2.5,500,0
13,2616,6.8,Low,200.0,Liquid,Low,Generic Liquid Fund,2.5,500,1
18,4606,8.4,Low,1400.0,Liquid,Low,Generic Liquid Fund,2.5,500,1
17,3825,2.2,Low,100.0,Debt,Low,Unknown,2.5,500,0
13,3419,8.8,Low,800.0,Liquid,Low,Generic Liquid Fund,2.5,500,1
15,3097,9.3,Low,600.0,Debt,Low,Unknown,2.5,500,1
14,3705,5.4,Medium,300.0,Hybrid,Medium,Unknown,2.5,500,1
16,1314,6.5,Medium,100.0,Balanced,Medium,Generic Balanced Fund,2.5,500,1
19,845,7.9,Medium,100.0,Balanced,Medium,Generic Balanced Fund,2.5,500,1
15,2849,2.6,Medium,100.0,Balanced,Medium,Generic Balanced Fund,2.5,500,0
18,862,5.5,Medium,100.0,Hybrid,Medium,Unknown,2.5,500,1
13,2943,4.6,Low,300.0,Debt,Low,Unknown,2.5,500,1
16,2765,2.3,Medium,200.0,Hybrid,Medium,Unknown,2.5,500,0
13,2688,4.3,High,300.0,Sectoral,High,Generic Sectoral Fund,2.5,500,0
18,3505,1.6,Medium,100.0,Balanced,Medium,Generic Balanced Fund,2.5,500,0
13,3781,1.2,Medium,100.0,Hybrid,Medium,Unknown,2.5,500,0
14,1484,2.2,Low,100.0,Liquid,Low,Generic Liquid Fund,2.5,500,0
16,2139,9.7,Medium,200.0,Index,Medium,Generic Index Fund,2.5,500,1
16,1327,5.9,Medium,100.0,Index,Medium,Generic Index Fund,2.5,500,1
18,3230,9.7,Medium,800.0,Hybrid,Medium,Unknown,2.5,500,1
19,4031,4.9,High,400.0,Equity,High,Unknown,2.5,500,1
14,4951,3.8,Low,500.0,Debt,Low,Unknown,2.5,500,1
15,3435,5.6,Low,400.0,Debt,Low,Unknown,2.5,500,1
13,4376,5.0,Medium,200.0,Index,Medium,Generic Index Fund,2.5,500,1
17,626,2.0,High,0.0,Equity,High,Unknown,2.5,500,0
13,3677,6.8,Low,400.0,Debt,Low,Unknown,2.5,500,1
13,3556,2.9,Low,200.0,Debt,Low,Unknown,2.5,500,0
15,1103,6.6,Low,200.0,Debt,Low,Unknown,2.5,500,1
13,3949,6.9,Low,200.0,Liquid,Low,Generic Liquid Fund,2.5,500,1
14,4646,2.4,Medium,300.0,Hybrid,Medium,Unknown,2.5,500,0
14,4033,1.6,Medium,100.0,Hybrid,Medium,Unknown,2.5,500,0
16,3867,8.0,Low,600.0,Debt,Low,Unknown,2.5,500,1
18,3868,5.1,Low,300.0,Debt,Low,Unknown,2.5,500,1
19,4297,1.5,Low,100.0,Debt,Low,Unknown,2.5,500,0
17,2292,10.0,Low,600.0,Debt,Low,Unknown,2.5,500,1
13,3361,1.5,Medium,100.0,Balanced,Medium,Generic Balanced Fund,2.5,500,0
13,3976,7.3,High,600.0,Sectoral,High,Generic Sectoral Fund,2.5,500,0
15,3917,9.9,High,700.0,Small Cap,High,Generic Small Cap Fund,2.5,500,0
18,2145,3.2,Low,100.0,Liquid,Low,Generic Liquid Fund,2.5,500,1
14,1705,2.3,High,100.0,Small Cap,High,Generic Small Cap Fund,2.5,500,0
17,3530,2.1,Medium,100.0,Hybrid,Medium,Unknown,2.5,500,0
16,3372,3.7,Medium,100.0,Hybrid,Medium,Unknown,2.5,500,1
14,3572,1.9,Medium,100.0,Hybrid,Medium,Unknown,2.5,500,0
18,2354,7.2,Low,200.0,Liquid,Low,Generic Liquid Fund,2.5,500,1
19,4521,1.6,Low,100.0,Liquid,Low,Generic Liquid Fund,2.5,500,0
16,3208,5.6,Low,300.0,Liquid,Low,Generic Liquid Fund,2.5,500,1
19,4002,10.0,Low,1400.0,Debt,Low,Unknown,2.5,500,1
15,1832,8.3,Low,500.0,Liquid,Low,Generic Liquid Fund,2.5,500,1
15,701,6.5,Medium,100.0,Hybrid,Medium,Unknown,2.5,500,1
13,4007,3.8,Medium,400.0,Hybrid,Medium,Unknown,2.5,500,1
19,4712,6.6,Medium,700.0,Hybrid,Medium,Unknown,2.5,500,1
18,1074,5.7,Low,100.0,Debt,Low,Unknown,2.5,500,1
17,1036,4.8,High,100.0,Equity,High,Unknown,2.5,500,1
16,2125,2.2,High,100.0,Equity,High,Unknown,2.5,500,0
14,2622,9.0,Medium,600.0,Hybrid,Medium,Unknown,2.5,500,1
18,885,5.0,High,100.0,Sectoral,High,Generic Sectoral Fund,2.5,500,1
18,3781,2.8,Medium,200.0,Index,Medium,Generic Index Fund,2.5,500,0
15,974,4.3,High,100.0,Sectoral,High,Generic Sectoral Fund,2.5,500,0
19,917,4.7,Low,100.0,Debt,Low,Unknown,2.5,500,1
13,4100,8.4,Low,800.0,Liquid,Low,Generic Liquid Fund,2.5,500,1
13,1454,7.6,Low,100.0,Liquid,Low,Generic Liquid Fund,2.5,500,1
16,1705,7.9,Low,300.0,Debt,Low,Unknown,2.5,500,1
15,4620,1.1,Low,200.0,Debt,Low,Unknown,2.5,500,0
18,2490,4.7,Medium,400.0,Hybrid,Medium,Unknown,2.5,500,1
17,4072,5.3,Medium,600.0,Hybrid,Medium,Unknown,2.5,500,1
15,4880,1.2,Medium,100.0,Balanced,Medium,Generic Balanced Fund,2.5,500,0
16,4658,3.3,Low,400.0,Liquid,Low,Generic Liquid Fund,2.5,500,1
16,3213,7.8,High,600.0,Equity,High,Unknown,2.5,500,1
15,2703,2.2,Medium,100.0,Index,Medium,Generic Index Fund,2.5,500,0
16,3620,5.8,Low,300.0,Liquid,Low,Generic Liquid Fund,2.5,500,1
15,1466,2.9,Medium,0.0,Index,Medium,Generic Index Fund,2.5,500,0
14,3932,1.1,Low,100.0,Debt,Low,Unknown,2.5,500,0
15,1188,3.2,Low,0.0,Liquid,Low,Generic Liquid Fund,2.5,500,1
19,4743,9.8,High,1000.0,Equity,High,Unknown,2.5,500,1
15,4201,8.2,Low,900.0,Debt,Low,Unknown,2.5,500,1
16,841,9.6,Medium,200.0,Hybrid,Medium,Unknown,2.5,500,1
19,2224,5.4,High,300.0,Equity,High,Unknown,2.5,500,1
16,4922,2.0,Medium,300.0,Balanced,Medium,Generic Balanced Fund,2.5,500,0
13,2292,5.9,Low,200.0,Debt,Low,Unknown,2.5,500,1
13,2259,5.1,Low,200.0,Debt,Low,Unknown,2.5,500,1
19,3712,8.6,Low,900.0,Debt,Low,Unknown,2.5,500,1
14,1489,1.9,Medium,0.0,Balanced,Medium,Generic Balanced Fund,2.5,500,0
13,2762,5.4,Medium,500.0,Hybrid,Medium,Unknown,2.5,500,1
15,2982,2.4,Low,200.0,Liquid,Low,Generic Liquid Fund,2.5,500,0
16,1451,3.9,High,100.0,Equity,High,Unknown,2.5,500,1
13,1222,7.6,Medium,300.0,Hybrid,Medium,Unknown,2.5,500,1
13,3889,5.3,Low,200.0,Debt,Low,Unknown,2.5,500,1
14,2579,4.4,Medium,200.0,Hybrid,Medium,Unknown,2.5,500,1
19,3217,4.6,Medium,400.0,Hybrid,Medium,Unknown,2.5,500,1
19,2832,5.1,Low,200.0,Debt,Low,Unknown,2.5,500,1
18,3876,8.1,Low,700.0,Liquid,Low,Generic Liquid Fund,2.5,500,1
14,2000,9.0,High,200.0,Sectoral,High,Generic Sectoral Fund,2.5,500,0
15,785,9.6,Medium,200.0,Hybrid,Medium,Unknown,2.5,500,1
19,3995,8.1,Medium,700.0,Hybrid,Medium,Unknown,2.5,500,1
16,2565,3.8,Medium,200.0,Index,Medium,Generic Index Fund,2.5,500,1
14,1268,7.2,Low,100.0,Debt,Low,Unknown,2.5,500,1
13,3557,4.9,Low,300.0,Debt,Low,Unknown,2.5,500,1
16,4789,3.3,Medium,400.0,Balanced,Medium,Generic Balanced Fund,2.5,500,1
16,2661,8.6,Low,300.0,Debt,Low,Unknown,2.5,500,1
13,3793,1.3,Low,100.0,Debt,Low,Unknown,2.5,500,0
14,1446,9.1,High,300.0,Equity,High,Unknown,2.5,500,0
13,3835,5.2,High,600.0,Equity,High,Unknown,2.5,500,0
18,4650,6.7,Medium,600.0,Balanced,Medium,Generic Balanced Fund,2.5,500,1
16,1981,6.9,High,200.0,Equity,High,Unknown,2.5,500,1
17,2401,9.1,Low,600.0,Debt,Low,Unknown,2.5,500,1
17,3951,6.7,High,700.0,Equity,High,Unknown,2.5,500,1
15,4564,6.5,Low,600.0,Debt,Low,Unknown,2.5,500,1
19,554,1.6,High,0.0,Small Cap,High,Generic Small Cap Fund,2.5,500,0
13,2323,5.7,High,200.0,Sectoral,High,Generic Sectoral Fund,2.5,500,0
13,3962,2.4,Medium,100.0,Balanced,Medium,Generic Balanced Fund,2.5,500,0
15,3579,7.6,High,600.0,Equity,High,Unknown,2.5,500,0
15,1332,5.6,Medium,200.0,Hybrid,Medium,Unknown,2.5,500,1
15,4908,7.1,Low,600.0,Debt,Low,Unknown,2.5,500,1
16,3306,1.4,Medium,200.0,Hybrid,Medium,Unknown,2.5,500,0
18,2990,1.8,Medium,100.0,Index,Medium,Generic Index Fund,2.5,500,0
13,827,7.4,Low,100.0,Debt,Low,Unknown,2.5,500,1
16,3810,1.6,Medium,100.0,Hybrid,Medium,Unknown,2.5,500,0
15,3800,1.6,High,200.0,Equity,High,Unknown,2.5,500,0
13,4175,1.1,Low,100.0,Debt,Low,Unknown,2.5,500,0
16,3554,9.6,Medium,1100.0,Hybrid,Medium,Unknown,2.5,500,1
18,2643,7.6,High,300.0,Equity,High,Unknown,2.5,500,1
16,1811,4.2,High,100.0,Equity,High,Unknown,2.5,500,1
18,3691,3.7,High,300.0,Sectoral,High,Generic Sectoral Fund,2.5,500,1
15,3038,4.1,Medium,300.0,Hybrid,Medium,Unknown,2.5,500,1
18,4483,8.0,High,500.0,Small Cap,High,Generic Small Cap Fund,2.5,500,1
13,664,7.0,Medium,100.0,Index,Medium,Generic Index Fund,2.5,500,1
15,4777,2.7,Low,200.0,Debt,Low,Unknown,2.5,500,0
13,1322,2.6,Medium,100.0,Balanced,Medium,Generic Balanced Fund,2.5,500,0
17,1443,1.9,Medium,100.0,Hybrid,Medium,Unknown,2.5,500,0
14,4925,6.9,Low,600.0,Liquid,Low,Generic Liquid Fund,2.5,500,1
18,1274,7.9,Medium,200.0,Balanced,Medium,Generic Balanced Fund,2.5,500,1
14,2698,3.4,Medium,300.0,Hybrid,Medium,Unknown,2.5,500,1
14,3656,1.2,Low,100.0,Debt,Low,Unknown,2.5,500,0
18,4742,1.7,Medium,200.0,Hybrid,Medium,Unknown,2.5,500,0
15,4195,9.7,Medium,1200.0,Index,Medium,Generic Index Fund,2.5,500,1
17,3952,3.7,Medium,400.0,Hybrid,Medium,Unknown,2.5,500,1
13,1414,7.9,Low,200.0,Debt,Low,Unknown,2.5,500,1
16,1808,6.6,Low,200.0,Debt,Low,Unknown,2.5,500,1
13,4677,4.4,Low,200.0,Liquid,Low,Generic Liquid Fund,2.5,500,1
16,1013,2.9,High,100.0,Equity,High,Unknown,2.5,500,0
13,2420,2.1,Low,100.0,Debt,Low,Unknown,2.5,500,0
18,4094,6.5,Medium,400.0,Hybrid,Medium,Unknown,2.5,500,1
17,1909,8.0,Low,300.0,Liquid,Low,Generic Liquid Fund,2.5,500,1
16,3690,6.8,Low,400.0,Debt,Low,Unknown,2.5,500,1
19,4991,5.8,High,500.0,Equity,High,Unknown,2.5,500,1
15,2055,1.4,Medium,100.0,Hybrid,Medium,Unknown,2.5,500,0
13,1304,9.7,Low,200.0,Liquid,Low,Generic Liquid Fund,2.5,500,1
13,1779,8.2,Medium,200.0,Hybrid,Medium,Unknown,2.5,500,1
16,4077,3.6,Low,200.0,Debt,Low,Unknown,2.5,500,1
15,3401,9.8,Medium,400.0,Hybrid,Medium,Unknown,2.5,500,1
15,1887,6.4,Medium,200.0,Index,Medium,Generic Index Fund,2.5,500,1
18,3261,6.2,Low,300.0,Liquid,Low,Generic Liquid Fund,2.5,500,1
19,3179,7.7,Low,500.0,Debt,Low,Unknown,2.5,500,1
18,2606,8.3,Low,300.0,Debt,Low,Unknown,2.5,500,1
18,4723,6.9,High,800.0,Equity,High,Unknown,2.5,500,1
18,3268,2.2,High,100.0,Equity,High,Unknown,2.5,500,0
18,4453,4.0,Low,300.0,Debt,Low,Unknown,2.5,500,1
18,3686,9.4,Medium,500.0,Balanced,Medium,Generic Balanced Fund,2.5,500,1
17,3780,3.0,Low,200.0,Debt,Low,Unknown,2.5,500,1
15,3073,4.3,Low,200.0,Liquid,Low,Generic Liquid Fund,2.5,500,1
18,3099,4.9,Medium,400.0,Hybrid,Medium,Unknown,2.5,500,1
15,4533,5.0,High,500.0,Sectoral,High,Generic Sectoral Fund,2.5,500,0
15,736,6.5,High,100.0,Equity,High,Unknown,2.5,500,0
14,1804,9.5,Medium,400.0,Balanced,Medium,Generic Balanced Fund,2.5,500,1
17,3930,3.2,Low,100.0,Debt,Low,Unknown,2.5,500,1
18,1801,2.1,Medium,0.0,Hybrid,Medium,Unknown,2.5,500,0
13,3041,2.8,Low,300.0,Debt,Low,Unknown,2.5,500,0
16,2551,9.0,Medium,500.0,Balanced,Medium,Generic Balanced Fund,2.5,500,1
19,941,6.8,Low,200.0,Liquid,Low,Generic Liquid Fund,2.5,500,1
13,2576,3.6,Medium,100.0,Hybrid,Medium,Unknown,2.5,500,1
17,3680,8.3,Low,700.0,Debt,Low,Unknown,2.5,500,1
16,3157,8.8,Low,300.0,Debt,Low,Unknown,2.5,500,1
17,4298,8.6,High,600.0,Equity,High,Unknown,2.5,500,1
15,1304,9.3,Low,300.0,Debt,Low,Unknown,2.5,500,1
16,574,3.3,Medium,100.0,Balanced,Medium,Generic Balanced Fund,2.5,500,1
15,2675,7.8,Low,400.0,Liquid,Low,Generic Liquid Fund,2.5,500,1
13,4424,5.1,Low,400.0,Liquid,Low,Generic Liquid Fund,2.5,500,1
13,2589,8.6,Low,600.0,Debt,Low,Unknown,2.5,500,1
16,540,7.6,Low,100.0,Liquid,Low,Generic Liquid Fund,2.5,500,1
16,2581,8.0,High,200.0,Sectoral,High,Generic Sectoral Fund,2.5,500,1
18,2122,6.9,Low,300.0,Debt,Low,Unknown,2.5,500,1
17,841,2.6,High,0.0,Equity,High,Unknown,2.5,500,0
18,4552,5.9,Medium,600.0,Index,Medium,Generic Index Fund,2.5,500,1
17,2574,9.9,Medium,600.0,Hybrid,Medium,Unknown,2.5,500,1
18,1145,9.4,Medium,200.0,Hybrid,Medium,Unknown,2.5,500,1
15,4763,1.4,Medium,100.0,Hybrid,Medium,Unknown,2.5,500,0
16,1109,2.5,Medium,0.0,Balanced,Medium,Generic Balanced Fund,2.5,500,0
13,954,2.2,Low,0.0,Debt,Low,Unknown,2.5,500,0
17,3453,7.5,Low,800.0,Liquid,Low,Generic Liquid Fund,2.5,500,1
17,2208,8.4,High,400.0,Sectoral,High,Generic Sectoral Fund,2.5,500,1
13,3972,2.9,High,200.0,Sectoral,High,Generic Sectoral Fund,2.5,500,0
18,3469,5.6,High,700.0,Equity,High,Unknown,2.5,500,1
17,3528,8.6,Medium,700.0,Balanced,Medium,Generic Balanced Fund,2.5,500,1
19,3181,7.6,Medium,400.0,Hybrid,Medium,Unknown,2.5,500,1
15,4129,5.9,Medium,300.0,Hybrid,Medium,Unknown,2.5,500,1
16,4725,6.3,Medium,900.0,Balanced,Medium,Generic Balanced Fund,2.5,500,1
13,3567,5.6,Low,400.0,Debt,Low,Unknown,2.5,500,1
16,1886,3.7,Medium,200.0,Balanced,Medium,Generic Balanced Fund,2.5,500,1
19,4276,6.1,Low,900.0,Debt,Low,Unknown,2.5,500,1
17,3366,7.2,Low,500.0,Debt,Low,Unknown,2.5,500,1
17,3863,8.9,High,700.0,Equity,High,Unknown,2.5,500,1
19,4624,6.7,Low,300.0,Liquid,Low,Generic Liquid Fund,2.5,500,1
13,648,7.9,Low,100.0,Debt,Low,Unknown,2.5,500,1
15,4350,2.4,Low,200.0,Debt,Low,Unknown,2.5,500,0
14,2558,5.2,High,200.0,Equity,High,Unknown,2.5,500,0
13,1636,1.1,Medium,0.0,Hybrid,Medium,Unknown,2.5,500,0
14,686,3.2,Medium,100.0,Index,Medium,Generic Index Fund,2.5,500,1
19,3354,7.5,High,400.0,Equity,High,Unknown,2.5,500,1
18,1750,9.9,High,400.0,Equity,High,Unknown,2.5,500,1
14,1833,1.9,Low,0.0,Debt,Low,Unknown,2.5,500,0
15,4693,4.6,Medium,400.0,Hybrid,Medium,Unknown,2.5,500,1
18,4650,8.2,Medium,1000.0,Index,Medium,Generic Index Fund,2.5,500,1
14,3211,2.8,Medium,200.0,Balanced,Medium,Generic Balanced Fund,2.5,500,0
19,2285,6.0,Low,400.0,Debt,Low,Unknown,2.5,500,1
18,1250,7.6,High,100.0,Equity,High,Unknown,2.5,500,1
19,2262,6.5,Medium,400.0,Hybrid,Medium,Unknown,2.5,500,1
14,4420,2.7,Low,200.0,Liquid,Low,Generic Liquid Fund,2.5,500,0
19,4960,4.2,Medium,400.0,Balanced,Medium,Generic Balanced Fund,2.5,500,1
15,981,8.1,Low,200.0,Debt,Low,Unknown,2.5,500,1
14,653,6.0,Low,100.0,Debt,Low,Unknown,2.5,500,1
14,2024,1.0,Medium,100.0,Balanced,Medium,Generic Balanced Fund,2.5,500,0
14,2620,7.8,Low,200.0,Debt,Low,Unknown,2.5,500,1
13,2843,1.3,Medium,100.0,Hybrid,Medium,Unknown,2.5,500,0
13,1740,7.7,Medium,100.0,Hybrid,Medium,Unknown,2.5,500,1
13,560,2.8,Low,0.0,Debt,Low,Unknown,2.5,500,0
15,1438,9.6,High,200.0,Sectoral,High,Generic Sectoral Fund,2.5,500,0
18,2139,4.3,Low,100.0,Liquid,Low,Generic Liquid Fund,2.5,500,1
19,4620,3.9,Low,400.0,Debt,Low,Unknown,2.5,500,1
17,4726,2.3,Low,300.0,Debt,Low,Unknown,2.5,500,0
14,4069,3.8,Low,200.0,Debt,Low,Unknown,2.5,500,1
19,1752,8.9,Low,300.0,Debt,Low,Unknown,2.5,500,1
14,4703,10.0,Medium,1500.0,Hybrid,Medium,Unknown,2.5,500,1
15,671,4.3,High,0.0,Sectoral,High,Generic Sectoral Fund,2.5,500,0
14,1958,5.0,Low,100.0,Debt,Low,Unknown,2.5,500,1
13,4049,7.5,Medium,600.0,Balanced,Medium,Generic Balanced Fund,2.5,500,1
17,4697,9.0,Medium,700.0,Hybrid,Medium,Unknown,2.5,500,1
16,2822,6.3,High,500.0,Equity,High,Unknown,2.5,500,1
14,2136,4.5,Medium,200.0,Hybrid,Medium,Unknown,2.5,500,1
19,3615,4.7,Low,300.0,Liquid,Low,Generic Liquid Fund,2.5,500,1
13,4590,7.3,Low,800.0,Debt,Low,Unknown,2.5,500,1
16,3504,1.0,Medium,100.0,Balanced,Medium,Generic Balanced Fund,2.5,500,0
17,829,6.6,High,100.0,Equity,High,Unknown,2.5,500,1
16,4140,4.2,Low,300.0,Debt,Low,Unknown,2.5,500,1
13,4394,8.1,Low,500.0,Debt,Low,Unknown,2.5,500,1
18,4607,1.8,High,100.0,Equity,High,Unknown,2.5,500,0
18,1841,6.3,High,300.0,Equity,High,Unknown,2.5,500,1
16,4163,5.3,High,600.0,Equity,High,Unknown,2.5,500,1
15,715,6.8,Medium,100.0,Balanced,Medium,Generic Balanced Fund,2.5,500,1
19,838,1.6,Low,0.0,Debt,Low,Unknown,2.5,500,0
19,4562,6.2,Medium,600.0,Hybrid,Medium,Unknown,2.5,500,1
16,3208,6.1,Medium,700.0,Hybrid,Medium,Unknown,2.5,500,1
14,3652,6.0,Low,600.0,Debt,Low,Unknown,2.5,500,1
14,2250,6.4,Medium,400.0,Hybrid,Medium,Unknown,2.5,500,1
19,2921,7.1,Medium,500.0,Hybrid,Medium,Unknown,2.5,500,1
19,1209,8.2,Low,200.0,Liquid,Low,Generic Liquid Fund,2.5,500,1
18,4226,3.4,Medium,300.0,Hybrid,Medium,Unknown,2.5,500,1
15,4142,8.4,Medium,500.0,Hybrid,Medium,Unknown,2.5,500,1
13,4493,5.5,High,400.0,Equity,High,Unknown,2.5,500,0
14,988,1.7,Low,0.0,Debt,Low,Unknown,2.5,500,0
19,546,1.5,Low,0.0,Debt,Low,Unknown,2.5,500,0
18,3859,4.0,Medium,100.0,Hybrid,Medium,Unknown,2.5,500,1
17,900,8.1,Low,200.0,Debt,Low,Unknown,2.5,500,1
18,4490,7.4,Medium,400.0,Balanced,Medium,Generic Balanced Fund,2.5,500,1
14,3657,8.1,Medium,800.0,Hybrid,Medium,Unknown,2.5,500,1
14,4845,5.7,Low,700.0,Liquid,Low,Generic Liquid Fund,2.5,500,1
18,890,5.0,Medium,100.0,Balanced,Medium,Generic Balanced Fund,2.5,500,1
13,4353,2.3,Medium,200.0,Hybrid,Medium,Unknown,2.5,500,0
16,4930,4.0,Low,300.0,Debt,Low,Unknown,2.5,500,1
14,1128,4.9,High,100.0,Equity,High,Unknown,2.5,500,0
18,4732,1.8,High,300.0,Equity,High,Unknown,2.5,500,0
19,3430,3.0,Medium,200.0,Hybrid,Medium,Unknown,2.5,500,1
18,2021,6.4,Medium,200.0,Hybrid,Medium,Unknown,2.5,500,1
15,1326,7.6,Medium,200.0,Balanced,Medium,Generic Balanced Fund,2.5,500,1
16,2000,10.0,High,700.0,Sectoral,High,Generic Sectoral Fund,2.5,500,1
17,3794,9.4,Medium,400.0,Index,Medium,Generic Index Fund,2.5,500,1
13,2919,6.8,Medium,400.0,Balanced,Medium,Generic Balanced Fund,2.5,500,1
17,1434,4.8,High,100.0,Equity,High,Unknown,2.5,500,1
16,3542,6.7,Low,300.0,Debt,Low,Unknown,2.5,500,1
16,4997,8.1,High,800.0,Equity,High,Unknown,2.5,500,1
16,1966,2.1,Low,100.0,Debt,Low,Unknown,2.5,500,0
17,4061,4.7,Low,500.0,Debt,Low,Unknown,2.5,500,1
19,1114,8.6,Low,300.0,Liquid,Low,Generic Liquid Fund,2.5,500,1
16,1682,4.5,High,100.0,Equity,High,Unknown,2.5,500,1
18,3723,6.1,High,700.0,Equity,High,Unknown,2.5,500,1
17,3167,6.3,Medium,200.0,Hybrid,Medium,Unknown,2.5,500,1
16,630,2.7,Medium,0.0,Index,Medium,Generic Index Fund,2.5,500,0
18,3483,4.3,Medium,200.0,Balanced,Medium,Generic Balanced Fund,2.5,500,1
19,4778,4.0,High,500.0,Sectoral,High,Generic Sectoral Fund,2.5,500,1
15,4959,1.2,Medium,200.0,Hybrid,Medium,Unknown,2.5,500,0
19,538,1.2,Low,0.0,Liquid,Low,Generic Liquid Fund,2.5,500,0
16,4459,8.5,Low,1000.0,Debt,Low,Unknown,2.5,500,1
17,4087,3.5,Medium,400.0,Index,Medium,Generic Index Fund,2.5,500,1
14,1420,5.7,Medium,200.0,Balanced,Medium,Generic Balanced Fund,2.5,500,1
16,3269,3.7,Low,400.0,Debt,Low,Unknown,2.5,500,1
14,4611,9.5,Low,1000.0,Debt,Low,Unknown,2.5,500,1
18,992,3.3,High,100.0,Sectoral,High,Generic Sectoral Fund,2.5,500,1
15,1631,4.9,Low,100.0,Debt,Low,Unknown,2.5,500,1
13,4021,8.9,Medium,900.0,Index,Medium,Generic Index Fund,2.5,500,1
19,810,8.6,High,100.0,Equity,High,Unknown,2.5,500,1
15,1238,2.7,Medium,100.0,Hybrid,Medium,Unknown,2.5,500,0
16,3741,8.2,Low,500.0,Debt,Low,Unknown,2.5,500,1
14,1045,5.1,Medium,100.0,Hybrid,Medium,Unknown,2.5,500,1
19,2961,5.3,High,200.0,Equity,High,Unknown,2.5,500,1
14,4846,2.2,Medium,100.0,Hybrid,Medium,Unknown,2.5,500,0
17,2304,1.7,High,100.0,Sectoral,High,Generic Sectoral Fund,2.5,500,0
14,3712,7.6,Low,1000.0,Debt,Low,Unknown,2.5,500,1
17,4310,5.5,Medium,400.0,Index,Medium,Generic Index Fund,2.5,500,1
18,1313,4.9,Medium,100.0,Balanced,Medium,Generic Balanced Fund,2.5,500,1
19,4624,7.6,High,700.0,Sectoral,High,Generic Sectoral Fund,2.5,500,1
19,2532,7.9,Low,500.0,Debt,Low,Unknown,2.5,500,1
13,4913,2.4,High,200.0,Equity,High,Unknown,2.5,500,0
16,744,6.5,Medium,100.0,Hybrid,Medium,Unknown,2.5,500,1
17,771,2.2,Low,0.0,Debt,Low,Unknown,2.5,500,0
13,4011,7.8,Low,900.0,Liquid,Low,Generic Liquid Fund,2.5,500,1
14,2271,6.9,High,200.0,Equity,High,Unknown,2.5,500,0
14,1762,9.6,Low,300.0,Debt,Low,Unknown,2.5,500,1
13,2924,1.6,Low,0.0,Liquid,Low,Generic Liquid Fund,2.5,500,0
19,4861,1.5,Low,100.0,Debt,Low,Unknown,2.5,500,0
14,1420,3.5,High,200.0,Sectoral,High,Generic Sectoral Fund,2.5,500,0
18,3930,3.4,Medium,200.0,Balanced,Medium,Generic Balanced Fund,2.5,500,1
18,4935,3.2,Medium,100.0,Index,Medium,Generic Index Fund,2.5,500,1
13,4984,9.2,Low,900.0,Debt,Low,Unknown,2.5,500,1
17,3124,3.2,Medium,100.0,Hybrid,Medium,Unknown,2.5,500,1
17,4260,3.4,Medium,200.0,Balanced,Medium,Generic Balanced Fund,2.5,500,1
13,2550,7.8,High,600.0,Small Cap,High,Generic Small Cap Fund,2.5,500,0
17,4000,5.0,High,500.0,Equity,High,Unknown,2.5,500,1
19,1665,8.0,Low,400.0,Debt,Low,Unknown,2.5,500,1
19,875,1.6,Medium,0.0,Balanced,Medium,Generic Balanced Fund,2.5,500,0
17,2533,5.4,Low,400.0,Liquid,Low,Generic Liquid Fund,2.5,500,1
18,645,1.3,Medium,0.0,Index,Medium,Generic Index Fund,2.5,500,0
17,4888,1.6,Low,200.0,Liquid,Low,Generic Liquid Fund,2.5,500,0
19,931,9.2,Low,200.0,Debt,Low,Unknown,2.5,500,1
15,1204,2.3,Low,100.0,Debt,Low,Unknown,2.5,500,0
16,3132,5.8,Medium,400.0,Balanced,Medium,Generic Balanced Fund,2.5,500,1
14,4994,4.7,Low,400.0,Liquid,Low,Generic Liquid Fund,2.5,500,1
15,1463,4.1,Medium,100.0,Hybrid,Medium,Unknown,2.5,500,1
17,2734,9.1,Medium,500.0,Hybrid,Medium,Unknown,2.5,500,1
18,2541,1.2,Low,100.0,Liquid,Low,Generic Liquid Fund,2.5,500,0
13,2328,7.0,Medium,300.0,Hybrid,Medium,Unknown,2.5,500,1
17,2608,9.7,Low,400.0,Debt,Low,Unknown,2.5,500,1
18,4568,6.0,Medium,500.0,Balanced,Medium,Generic Balanced Fund,2.5,500,1
16,1438,9.4,Medium,300.0,Balanced,Medium,Generic Balanced Fund,2.5,500,1
17,1306,1.5,Low,0.0,Liquid,Low,Generic Liquid Fund,2.5,500,0
19,1963,4.8,Low,100.0,Debt,Low,Unknown,2.5,500,1
13,3915,3.3,Low,300.0,Debt,Low,Unknown,2.5,500,1
18,510,7.6,High,0.0,Equity,High,Unknown,2.5,500,1
18,2368,9.8,Medium,700.0,Balanced,Medium,Generic Balanced Fund,2.5,500,1
18,1384,3.3,Medium,100.0,Balanced,Medium,Generic Balanced Fund,2.5,500,1
16,4064,6.9,Medium,800.0,Hybrid,Medium,Unknown,2.5,500,1
17,1889,2.8,Low,100.0,Debt,Low,Unknown,2.5,500,0
16,3901,6.1,Medium,800.0,Hybrid,Medium,Unknown,2.5,500,1
14,4821,5.2,Medium,900.0,Hybrid,Medium,Unknown,2.5,500,1
14,1324,9.7,Low,100.0,Debt,Low,Unknown,2.5,500,1
17,2765,6.5,Low,200.0,Liquid,Low,Generic Liquid Fund,2.5,500,1
19,1436,4.1,Low,100.0,Liquid,Low,Generic Liquid Fund,2.5,500,1
16,3300,2.0,Medium,100.0,Balanced,Medium,Generic Balanced Fund,2.5,500,0
13,3053,2.4,High,200.0,Equity,High,Unknown,2.5,500,0
18,4345,3.0,Low,300.0,Debt,Low,Unknown,2.5,500,1
18,2296,3.3,Medium,200.0,Hybrid,Medium,Unknown,2.5,500,1
17,553,8.7,Low,100.0,Debt,Low,Unknown,2.5,500,1
19,1226,6.1,High,200.0,Equity,High,Unknown,2.5,500,1
14,3236,5.7,Low,500.0,Debt,Low,Unknown,2.5,500,1
14,3670,2.0,Medium,100.0,Index,Medium,Generic Index Fund,2.5,500,0
18,2413,8.7,Medium,400.0,Hybrid,Medium,Unknown,2.5,500,1
17,2096,7.5,Medium,200.0,Hybrid,Medium,Unknown,2.5,500,1
16,2414,1.6,Medium,100.0,Balanced,Medium,Generic Balanced Fund,2.5,500,0
14,2966,7.4,Low,400.0,Debt,Low,Unknown,2.5,500,1
16,3237,5.9,Low,200.0,Liquid,Low,Generic Liquid Fund,2.5,500,1
19,1349,1.7,Low,100.0,Liquid,Low,Generic Liquid Fund,2.5,500,0
14,2609,5.1,Low,200.0,Liquid,Low,Generic Liquid Fund,2.5,500,1
14,502,5.4,Medium,100.0,Hybrid,Medium,Unknown,2.5,500,1
15,4755,2.5,Low,200.0,Debt,Low,Unknown,2.5,500,0
14,4569,9.5,Low,400.0,Debt,Low,Unknown,2.5,500,1
13,1392,8.6,Medium,300.0,Balanced,Medium,Generic Balanced Fund,2.5,500,1
17,2530,7.0,High,500.0,Equity,High,Unknown,2.5,500,1
17,3660,5.2,Medium,300.0,Hybrid,Medium,Unknown,2.5,500,1
16,2876,4.7,Low,200.0,Debt,Low,Unknown,2.5,500,1
19,2433,6.9,Low,300.0,Debt,Low,Unknown,2.5,500,1
14,1880,5.9,High,300.0,Sectoral,High,Generic Sectoral Fund,2.5,500,0
13,4181,1.6,Low,100.0,Liquid,Low,Generic Liquid Fund,2.5,500,0
16,1790,5.6,Low,200.0,Debt,Low,Unknown,2.5,500,1
15,2140,8.3,Medium,200.0,Hybrid,Medium,Unknown,2.5,500,1
16,3182,5.1,Medium,400.0,Balanced,Medium,Generic Balanced Fund,2.5,500,1
16,1487,1.5,Medium,0.0,Balanced,Medium,Generic Balanced Fund,2.5,500,0
14,1718,8.1,Low,300.0,Liquid,Low,Generic Liquid Fund,2.5,500,1
15,1855,2.8,Low,100.0,Liquid,Low,Generic Liquid Fund,2.5,500,0
16,4765,3.3,High,300.0,Equity,High,Unknown,2.5,500,1
13,4635,2.5,Low,200.0,Liquid,Low,Generic Liquid Fund,2.5,500,0
13,2060,4.0,Medium,100.0,Hybrid,Medium,Unknown,2.5,500,1
17,1918,7.8,Medium,300.0,Hybrid,Medium,Unknown,2.5,500,1
15,1454,5.7,Medium,100.0,Balanced,Medium,Generic Balanced Fund,2.5,500,1
15,1483,2.8,Low,0.0,Debt,Low,Unknown,2.5,500,0
17,1474,8.9,Low,400.0,Liquid,Low,Generic Liquid Fund,2.5,500,1
16,4633,8.9,Medium,500.0,Hybrid,Medium,Unknown,2.5,500,1
15,4472,8.8,High,900.0,Equity,High,Unknown,2.5,500,0
13,1413,3.1,High,100.0,Equity,High,Unknown,2.5,500,0
13,536,5.1,Low,100.0,Liquid,Low,Generic Liquid Fund,2.5,500,1
14,3887,9.9,Low,700.0,Liquid,Low,Generic Liquid Fund,2.5,500,1
15,2211,7.9,High,400.0,Sectoral,High,Generic Sectoral Fund,2.5,500,0
16,3520,1.2,Medium,100.0,Balanced,Medium,Generic Balanced Fund,2.5,500,0
17,1295,1.6,High,100.0,Equity,High,Unknown,2.5,500,0
17,4536,5.2,Low,600.0,Debt,Low,Unknown,2.5,500,1
16,3611,9.2,Medium,400.0,Hybrid,Medium,Unknown,2.5,500,1
19,1824,5.8,Medium,300.0,Balanced,Medium,Generic Balanced Fund,2.5,500,1
18,817,5.5,Medium,100.0,Balanced,Medium,Generic Balanced Fund,2.5,500,1
14,2896,1.9,Medium,100.0,Hybrid,Medium,Unknown,2.5,500,0
17,2662,6.9,Low,200.0,Liquid,Low,Generic Liquid Fund,2.5,500,1
15,3245,8.4,Medium,300.0,Balanced,Medium,Generic Balanced Fund,2.5,500,1
14,2091,4.4,Low,300.0,Debt,Low,Unknown,2.5,500,1
15,3611,8.0,Medium,600.0,Hybrid,Medium,Unknown,2.5,500,1
19,4430,9.7,High,700.0,Sectoral,High,Generic Sectoral Fund,2.5,500,1
13,2496,2.8,Low,100.0,Liquid,Low,Generic Liquid Fund,2.5,500,0
14,1812,5.7,High,200.0,Sectoral,High,Generic Sectoral Fund,2.5,500,0
17,1785,3.6,Low,200.0,Debt,Low,Unknown,2.5,500,1
14,4811,8.1,Medium,600.0,Index,Medium,Generic Index Fund,2.5,500,1
14,2883,6.2,High,300.0,Equity,High,Unknown,2.5,500,0
14,3739,6.7,Low,500.0,Debt,Low,Unknown,2.5,500,1
18,2639,8.2,Low,700.0,Liquid,Low,Generic Liquid Fund,2.5,500,1
14,2204,4.6,Medium,300.0,Hybrid,Medium,Unknown,2.5,500,1
15,862,9.2,Low,200.0,Debt,Low,Unknown,2.5,500,1
13,3104,5.8,Medium,400.0,Hybrid,Medium,Unknown,2.5,500,1
19,2216,2.4,High,100.0,Equity,High,Unknown,2.5,500,0
16,4951,7.3,Medium,1100.0,Index,Medium,Generic Index Fund,2.5,500,1
14,4786,8.1,Low,1000.0,Debt,Low,Unknown,2.5,500,1
17,4238,3.9,Medium,200.0,Balanced,Medium,Generic Balanced Fund,2.5,500,1
14,2969,8.7,Medium,300.0,Hybrid,Medium,Unknown,2.5,500,1
17,1056,9.2,Low,200.0,Debt,Low,Unknown,2.5,500,1
15,1325,3.5,Medium,100.0,Hybrid,Medium,Unknown,2.5,500,1
17,3308,9.9,Medium,500.0,Hybrid,Medium,Unknown,2.5,500,1
16,3219,2.3,Medium,200.0,Hybrid,Medium,Unknown,2.5,500,0
13,4008,2.8,Low,300.0,Debt,Low,Unknown,2.5,500,0
17,4241,2.7,Medium,200.0,Index,Medium,Generic Index Fund,2.5,500,0
17,2074,9.0,Low,200.0,Debt,Low,Unknown,2.5,500,1
13,4498,6.9,Low,400.0,Debt,Low,Unknown,2.5,500,1
16,2629,2.4,High,200.0,Equity,High,Unknown,2.5,500,0
14,2903,5.0,Medium,200.0,Hybrid,Medium,Unknown,2.5,500,1
17,3829,6.5,Low,400.0,Liquid,Low,Generic Liquid Fund,2.5,500,1
13,1088,1.8,Low,0.0,Liquid,Low,Generic Liquid Fund,2.5,500,0
15,2512,8.9,Low,500.0,Debt,Low,Unknown,2.5,500,1
13,2047,8.2,Low,200.0,Liquid,Low,Generic Liquid Fund,2.5,500,1
15,794,5.5,Low,100.0,Debt,Low,Unknown,2.5,500,1
16,2485,9.7,Low,500.0,Debt,Low,Unknown,2.5,500,1
14,3617,4.8,Medium,300.0,Balanced,Medium,Generic Balanced Fund,2.5,500,1
13,2190,9.9,Medium,600.0,Balanced,Medium,Generic Balanced Fund,2.5,500,1
19,1636,7.0,Medium,200.0,Balanced,Medium,Generic Balanced Fund,2.5,500,1
19,2564,6.7,Medium,400.0,Index,Medium,Generic Index Fund,2.5,500,1
18,4955,2.5,Low,200.0,Debt,Low,Unknown,2.5,500,0
17,1507,8.9,High,300.0,Small Cap,High,Generic Small Cap Fund,2.5,500,1
16,3014,4.8,High,400.0,Sectoral,High,Generic Sectoral Fund,2.5,500,1
13,4026,2.5,High,200.0,Equity,High,Unknown,2.5,500,0
19,1747,1.1,High,0.0,Sectoral,High,Generic Sectoral Fund,2.5,500,0
17,4402,6.0,High,600.0,Equity,High,Unknown,2.5,500,1
19,1935,5.7,Medium,200.0,Index,Medium,Generic Index Fund,2.5,500,1
13,1071,7.5,Low,200.0,Debt,Low,Unknown,2.5,500,1
15,2882,9.0,Medium,500.0,Hybrid,Medium,Unknown,2.5,500,1
13,1745,1.7,Medium,100.0,Hybrid,Medium,Unknown,2.5,500,0
18,2584,7.6,Medium,400.0,Balanced,Medium,Generic Balanced Fund,2.5,500,1
13,777,2.7,Medium,0.0,Hybrid,Medium,Unknown,2.5,500,0
13,2387,8.7,Low,400.0,Debt,Low,Unknown,2.5,500,1
18,1765,8.4,Low,400.0,Debt,Low,Unknown,2.5,500,1
16,1540,5.9,High,300.0,Equity,High,Unknown,2.5,500,1
13,1417,7.4,Medium,300.0,Hybrid,Medium,Unknown,2.5,500,1
18,1385,3.8,Medium,100.0,Hybrid,Medium,Unknown,2.5,500,1
17,3252,5.2,Low,200.0,Debt,Low,Unknown,2.5,500,1
15,521,8.4,Low,100.0,Debt,Low,Unknown,2.5,500,1
15,3691,5.1,High,600.0,Equity,High,Unknown,2.5,500,0
13,2853,4.2,Medium,300.0,Hybrid,Medium,Unknown,2.5,500,1
16,1186,5.4,Medium,200.0,Hybrid,Medium,Unknown,2.5,500,1
16,784,8.5,Medium,200.0,Balanced,Medium,Generic Balanced Fund,2.5,500,1
17,4247,4.0,Medium,200.0,Hybrid,Medium,Unknown,2.5,500,1
13,1262,2.6,Low,100.0,Debt,Low,Unknown,2.5,500,0
15,2928,7.4,Medium,400.0,Hybrid,Medium,Unknown,2.5,500,1
16,3007,8.4,Medium,300.0,Index,Medium,Generic Index Fund,2.5,500,1
13,528,1.9,Medium,0.0,Balanced,Medium,Generic Balanced Fund,2.5,500,0
19,1406,3.2,Medium,100.0,Balanced,Medium,Generic Balanced Fund,2.5,500,1
16,3604,2.3,High,100.0,Sectoral,High,Generic Sectoral Fund,2.5,500,0
18,4499,4.1,Low,200.0,Debt,Low,Unknown,2.5,500,1
19,3494,5.1,High,200.0,Equity,High,Unknown,2.5,500,1
16,3006,7.7,Low,400.0,Debt,Low,Unknown,2.5,500,1
15,4109,6.9,Medium,600.0,Hybrid,Medium,Unknown,2.5,500,1
14,4053,6.6,Low,600.0,Debt,Low,Unknown,2.5,500,1
19,1953,4.2,Low,100.0,Liquid,Low,Generic Liquid Fund,2.5,500,1
17,3856,8.6,Medium,800.0,Balanced,Medium,Generic Balanced Fund,2.5,500,1
17,1015,5.2,Low,100.0,Debt,Low,Unknown,2.5,500,1
15,538,9.8,Medium,100.0,Hybrid,Medium,Unknown,2.5,500,1
16,3842,6.7,High,500.0,Sectoral,High,Generic Sectoral Fund,2.5,500,1
13,1386,2.1,Low,100.0,Debt,Low,Unknown,2.5,500,0
16,3344,7.1,Medium,300.0,Index,Medium,Generic Index Fund,2.5,500,1
15,2704,3.9,Medium,200.0,Hybrid,Medium,Unknown,2.5,500,1
17,1598,7.2,Medium,200.0,Balanced,Medium,Generic Balanced Fund,2.5,500,1
16,2323,1.6,Low,100.0,Debt,Low,Unknown,2.5,500,0
17,3701,2.6,Low,100.0,Liquid,Low,Generic Liquid Fund,2.5,500,0
19,3655,8.7,Low,400.0,Debt,Low,Unknown,2.5,500,1
13,3593,3.0,Low,100.0,Debt,Low,Unknown,2.5,500,1
19,4030,8.5,Low,700.0,Debt,Low,Unknown,2.5,500,1
17,4278,3.5,Medium,300.0,Balanced,Medium,Generic Balanced Fund,2.5,500,1
17,3396,6.8,High,300.0,Small Cap,High,Generic Small Cap Fund,2.5,500,1
14,3953,7.2,High,600.0,Equity,High,Unknown,2.5,500,0
14,4011,5.6,Medium,500.0,Hybrid,Medium,Unknown,2.5,500,1
19,1488,3.7,Low,100.0,Liquid,Low,Generic Liquid Fund,2.5,500,1
18,4616,2.9,Low,200.0,Debt,Low,Unknown,2.5,500,0
19,4526,1.3,Low,200.0,Debt,Low,Unknown,2.5,500,0
14,4679,3.7,Low,300.0,Debt,Low,Unknown,2.5,500,1
17,2182,6.9,Medium,400.0,Hybrid,Medium,Unknown,2.5,500,1
15,4463,9.4,Medium,400.0,Balanced,Medium,Generic Balanced Fund,2.5,500,1
19,1433,8.8,Low,300.0,Liquid,Low,Generic Liquid Fund,2.5,500,1
17,4098,7.9,Low,600.0,Debt,Low,Unknown,2.5,500,1
15,3733,8.1,High,600.0,Equity,High,Unknown,2.5,500,0
15,2480,7.0,Medium,200.0,Index,Medium,Generic Index Fund,2.5,500,1
14,2355,3.3,Low,200.0,Debt,Low,Unknown,2.5,500,1
19,3556,9.2,High,400.0,Sectoral,High,Generic Sectoral Fund,2.5,500,1
16,1292,7.0,High,200.0,Equity,High,Unknown,2.5,500,1
13,1291,6.0,Low,200.0,Debt,Low,Unknown,2.5,500,1
14,2309,2.0,Low,100.0,Liquid,Low,Generic Liquid Fund,2.5,500,0
14,2755,5.0,Medium,400.0,Balanced,Medium,Generic Balanced Fund,2.5,500,1
16,4110,5.1,High,600.0,Equity,High,Unknown,2.5,500,1
13,2107,8.8,High,400.0,Sectoral,High,Generic Sectoral Fund,2.5,500,0
17,1484,5.9,Low,200.0,Debt,Low,Unknown,2.5,500,1
18,4176,4.4,Low,300.0,Debt,Low,Unknown,2.5,500,1
19,3880,9.8,Medium,700.0,Index,Medium,Generic Index Fund,2.5,500,1
18,1019,2.0,Medium,100.0,Balanced,Medium,Generic Balanced Fund,2.5,500,0
17,1090,4.8,Low,100.0,Debt,Low,Unknown,2.5,500,1
14,1550,1.4,High,0.0,Equity,High,Unknown,2.5,500,0
13,4133,7.7,Medium,700.0,Hybrid,Medium,Unknown,2.5,500,1
14,4944,9.3,High,1200.0,Equity,High,Unknown,2.5,500,0
15,1459,3.5,High,100.0,Equity,High,Unknown,2.5,500,0
14,1192,8.7,Medium,200.0,Balanced,Medium,Generic Balanced Fund,2.5,500,1
14,4399,3.6,Medium,400.0,Balanced,Medium,Generic Balanced Fund,2.5,500,1
17,4973,9.2,Medium,1500.0,Index,Medium,Generic Index Fund,2.5,500,1
17,3446,7.8,Low,400.0,Debt,Low,Unknown,2.5,500,1
17,1026,8.2,Medium,100.0,Hybrid,Medium,Unknown,2.5,500,1
18,3724,1.2,Low,100.0,Debt,Low,Unknown,2.5,500,0
15,2753,9.7,Medium,800.0,Hybrid,Medium,Unknown,2.5,500,1
17,3844,7.5,Low,800.0,Debt,Low,Unknown,2.5,500,1
13,4465,3.7,Low,200.0,Liquid,Low,Generic Liquid Fund,2.5,500,1
18,2375,8.5,Low,300.0,Debt,Low,Unknown,2.5,500,1
16,2263,3.5,Low,100.0,Liquid,Low,Generic Liquid Fund,2.5,500,1
13,1020,8.9,Medium,100.0,Hybrid,Medium,Unknown,2.5,500,1
19,1516,2.0,Medium,100.0,Index,Medium,Generic Index Fund,2.5,500,0
19,616,7.3,Medium,100.0,Balanced,Medium,Generic Balanced Fund,2.5,500,1
13,2933,5.9,Low,200.0,Liquid,Low,Generic Liquid Fund,2.5,500,1
17,1083,1.9,Low,0.0,Debt,Low,Unknown,2.5,500,0
16,894,3.2,Low,0.0,Liquid,Low,Generic Liquid Fund,2.5,500,1
16,4288,1.1,Low,100.0,Liquid,Low,Generic Liquid Fund,2.5,500,0
18,3268,5.2,High,200.0,Equity,High,Unknown,2.5,500,1
16,4667,3.7,Low,300.0,Debt,Low,Unknown,2.5,500,1
19,4360,6.4,Low,300.0,Debt,Low,Unknown,2.5,500,1
15,773,3.7,Low,100.0,Liquid,Low,Generic Liquid Fund,2.5,500,1
17,2513,3.7,Low,300.0,Debt,Low,Unknown,2.5,500,1
16,4933,7.7,Medium,700.0,Balanced,Medium,Generic Balanced Fund,2.5,500,1
18,1889,1.4,Medium,0.0,Hybrid,Medium,Unknown,2.5,500,0
19,4066,9.1,Low,1100.0,Debt,Low,Unknown,2.5,500,1
15,665,8.7,Low,100.0,Liquid,Low,Generic Liquid Fund,2.5,500,1
14,2067,7.0,Low,200.0,Debt,Low,Unknown,2.5,500,1
14,1228,6.3,Low,200.0,Debt,Low,Unknown,2.5,500,1
15,2543,9.0,Low,800.0,Liquid,Low,Generic Liquid Fund,2.5,500,1
19,4697,2.7,High,100.0,Equity,High,Unknown,2.5,500,0
18,3996,1.7,Medium,100.0,Balanced,Medium,Generic Balanced Fund,2.5,500,0
15,1278,3.2,Medium,100.0,Hybrid,Medium,Unknown,2.5,500,1
17,713,8.2,Medium,100.0,Balanced,Medium,Generic Balanced Fund,2.5,500,1
17,4262,1.3,Medium,100.0,Hybrid,Medium,Unknown,2.5,500,0
14,2076,6.2,Medium,300.0,Balanced,Medium,Generic Balanced Fund,2.5,500,1
16,2948,10.0,Medium,800.0,Hybrid,Medium,Unknown,2.5,500,1
18,3436,8.7,Medium,600.0,Hybrid,Medium,Unknown,2.5,500,1
14,3617,5.7,Low,500.0,Debt,Low,Unknown,2.5,500,1
16,1091,1.6,Medium,0.0,Hybrid,Medium,Unknown,2.5,500,0
16,3220,8.5,Medium,400.0,Balanced,Medium,Generic Balanced Fund,2.5,500,1
17,1213,6.4,High,200.0,Equity,High,Unknown,2.5,500,1
19,1435,2.0,Medium,0.0,Balanced,Medium,Generic Balanced Fund,2.5,500,0
13,4837,1.8,Medium,100.0,Hybrid,Medium,Unknown,2.5,500,0
19,501,9.2,Low,100.0,Debt,Low,Unknown,2.5,500,1
13,3348,7.0,Medium,400.0,Hybrid,Medium,Unknown,2.5,500,1
15,4544,8.5,Low,500.0,Debt,Low,Unknown,2.5,500,1
17,2449,8.9,Low,300.0,Debt,Low,Unknown,2.5,500,1
16,1417,6.1,Low,200.0,Liquid,Low,Generic Liquid Fund,2.5,500,1
18,3674,5.7,Medium,400.0,Hybrid,Medium,Unknown,2.5,500,1
13,2741,4.9,Low,300.0,Liquid,Low,Generic Liquid Fund,2.5,500,1
19,589,3.9,Low,100.0,Liquid,Low,Generic Liquid Fund,2.5,500,1
16,2209,4.9,High,200.0,Equity,High,Unknown,2.5,500,1
13,2669,8.0,Low,400.0,Debt,Low,Unknown,2.5,500,1
13,4738,6.4,Medium,300.0,Hybrid,Medium,Unknown,2.5,500,1
13,3541,9.0,Medium,400.0,Hybrid,Medium,Unknown,2.5,500,1
18,605,5.0,Low,0.0,Liquid,Low,Generic Liquid Fund,2.5,500,1
17,1386,6.5,Medium,200.0,Balanced,Medium,Generic Balanced Fund,2.5,500,1
18,927,6.7,Low,200.0,Debt,Low,Unknown,2.5,500,1
14,2395,6.3,Medium,400.0,Hybrid,Medium,Unknown,2.5,500,1
16,816,7.3,Medium,100.0,Hybrid,Medium,Unknown,2.5,500,1
17,1134,3.1,Medium,100.0,Hybrid,Medium,Unknown,2.5,500,1
17,2425,5.6,Medium,200.0,Balanced,Medium,Generic Balanced Fund,2.5,500,1
17,2556,1.9,Low,100.0,Debt,Low,Unknown,2.5,500,0
19,3644,4.5,Low,400.0,Liquid,Low,Generic Liquid Fund,2.5,500,1
17,2770,5.4,Medium,400.0,Hybrid,Medium,Unknown,2.5,500,1
18,1939,6.9,Medium,200.0,Hybrid,Medium,Unknown,2.5,500,1
17,1052,9.6,High,200.0,Equity,High,Unknown,2.5,500,1
15,1215,6.4,High,100.0,Equity,High,Unknown,2.5,500,0
16,4411,7.7,High,800.0,Equity,High,Unknown,2.5,500,1
17,2213,5.6,Medium,200.0,Index,Medium,Generic Index Fund,2.5,500,1
16,3889,6.7,Low,900.0,Liquid,Low,Generic Liquid Fund,2.5,500,1
15,1607,1.6,Medium,0.0,Balanced,Medium,Generic Balanced Fund,2.5,500,0
15,4706,3.3,Medium,300.0,Hybrid,Medium,Unknown,2.5,500,1
16,750,4.3,Low,100.0,Debt,Low,Unknown,2.5,500,1
13,2930,5.3,High,400.0,Sectoral,High,Generic Sectoral Fund,2.5,500,0
14,2554,1.4,High,100.0,Equity,High,Unknown,2.5,500,0
19,958,2.3,Medium,100.0,Index,Medium,Generic Index Fund,2.5,500,0
13,707,3.5,Low,100.0,Debt,Low,Unknown,2.5,500,1
13,1399,9.7,Low,300.0,Debt,Low,Unknown,2.5,500,1
18,3961,4.0,High,400.0,Small Cap,High,Generic Small Cap Fund,2.5,500,1
19,3885,5.3,High,600.0,Equity,High,Unknown,2.5,500,1
19,521,2.8,Low,0.0,Debt,Low,Unknown,2.5,500,0
13,909,6.5,Low,200.0,Debt,Low,Unknown,2.5,500,1
17,1394,3.5,High,100.0,Equity,High,Unknown,2.5,500,1
18,1014,2.9,Low,100.0,Debt,Low,Unknown,2.5,500,0
18,4609,5.6,Medium,300.0,Balanced,Medium,Generic Balanced Fund,2.5,500,1
15,2634,1.0,High,100.0,Sectoral,High,Generic Sectoral Fund,2.5,500,0
19,4095,1.1,Low,100.0,Debt,Low,Unknown,2.5,500,0
13,3456,3.0,Medium,400.0,Index,Medium,Generic Index Fund,2.5,500,1
15,2060,1.3,Low,100.0,Debt,Low,Unknown,2.5,500,0
16,1766,2.0,Low,0.0,Debt,Low,Unknown,2.5,500,0
14,2669,4.0,High,200.0,Equity,High,Unknown,2.5,500,0
18,4138,8.2,Medium,500.0,Hybrid,Medium,Unknown,2.5,500,1
16,1249,6.1,High,100.0,Equity,High,Unknown,2.5,500,1
16,3927,5.6,Medium,300.0,Index,Medium,Generic Index Fund,2.5,500,1
17,2427,3.6,Low,200.0,Debt,Low,Unknown,2.5,500,1
14,4304,9.4,Low,600.0,Debt,Low,Unknown,2.5,500,1
16,4202,4.6,Low,600.0,Debt,Low,Unknown,2.5,500,1
16,2856,1.8,Low,100.0,Liquid,Low,Generic Liquid Fund,2.5,500,0
14,2835,6.6,Low,300.0,Liquid,Low,Generic Liquid Fund,2.5,500,1
14,806,2.0,Low,0.0,Debt,Low,Unknown,2.5,500,0
16,4165,4.1,Medium,300.0,Hybrid,Medium,Unknown,2.5,500,1
14,2489,5.6,Medium,400.0,Hybrid,Medium,Unknown,2.5,500,1
16,1161,8.9,Medium,100.0,Hybrid,Medium,Unknown,2.5,500,1
16,811,5.4,Medium,100.0,Hybrid,Medium,Unknown,2.5,500,1
17,3420,7.3,Low,500.0,Debt,Low,Unknown,2.5,500,1
13,1582,9.9,Low,200.0,Debt,Low,Unknown,2.5,500,1
16,3471,2.2,Medium,100.0,Balanced,Medium,Generic Balanced Fund,2.5,500,0
15,1254,3.5,Medium,100.0,Hybrid,Medium,Unknown,2.5,500,1
18,4630,4.6,Low,700.0,Liquid,Low,Generic Liquid Fund,2.5,500,1
19,852,4.8,High,100.0,Small Cap,High,Generic Small Cap Fund,2.5,500,1
13,1402,4.7,Medium,200.0,Balanced,Medium,Generic Balanced Fund,2.5,500,1
13,4388,9.2,Medium,800.0,Hybrid,Medium,Unknown,2.5,500,1
13,658,7.4,Low,100.0,Debt,Low,Unknown,2.5,500,1
17,2477,6.5,Medium,500.0,Hybrid,Medium,Unknown,2.5,500,1
16,1456,3.8,Medium,200.0,Balanced,Medium,Generic Balanced Fund,2.5,500,1
17,2571,8.4,Medium,200.0,Hybrid,Medium,Unknown,2.5,500,1
16,903,9.6,Medium,200.0,Index,Medium,Generic Index Fund,2.5,500,1
17,3279,8.4,High,500.0,Small Cap,High,Generic Small Cap Fund,2.5,500,1
17,1887,1.0,Medium,0.0,Hybrid,Medium,Unknown,2.5,500,0
18,3953,6.7,Low,700.0,Debt,Low,Unknown,2.5,500,1
15,1455,1.5,Medium,0.0,Hybrid,Medium,Unknown,2.5,500,0
17,2212,3.3,Medium,300.0,Hybrid,Medium,Unknown,2.5,500,1
18,1773,1.5,Medium,0.0,Hybrid,Medium,Unknown,2.5,500,0
14,4311,6.4,Low,600.0,Debt,Low,Unknown,2.5,500,1
15,3125,7.2,Low,600.0,Liquid,Low,Generic Liquid Fund,2.5,500,1
17,2882,2.0,High,200.0,Equity,High,Unknown,2.5,500,0
19,1941,4.5,Medium,100.0,Hybrid,Medium,Unknown,2.5,500,1
13,3479,5.1,High,300.0,Sectoral,High,Generic Sectoral Fund,2.5,500,0
14,2297,4.3,Medium,200.0,Balanced,Medium,Generic Balanced Fund,2.5,500,1
14,4890,2.1,Medium,100.0,Hybrid,Medium,Unknown,2.5,500,0
18,4509,4.8,Medium,800.0,Index,Medium,Generic Index Fund,2.5,500,1
14,1894,7.8,High,400.0,Equity,High,Unknown,2.5,500,0
15,4781,1.6,Medium,100.0,Hybrid,Medium,Unknown,2.5,500,0
17,1769,1.7,Medium,0.0,Hybrid,Medium,Unknown,2.5,500,0
17,4214,4.2,Low,200.0,Debt,Low,Unknown,2.5,500,1
19,1029,9.5,Medium,300.0,Index,Medium,Generic Index Fund,2.5,500,1
13,4123,7.0,Medium,400.0,Balanced,Medium,Generic Balanced Fund,2.5,500,1
18,3458,7.1,Low,400.0,Liquid,Low,Generic Liquid Fund,2.5,500,1
13,3414,4.3,Low,300.0,Debt,Low,Unknown,2.5,500,1
14,4091,6.3,Low,500.0,Debt,Low,Unknown,2.5,500,1
19,2647,1.1,Low,0.0,Debt,Low,Unknown,2.5,500,0
13,3869,6.7,Low,400.0,Debt,Low,Unknown,2.5,500,1
15,1439,9.2,Medium,400.0,Balanced,Medium,Generic Balanced Fund,2.5,500,1
17,1025,6.5,High,200.0,Sectoral,High,Generic Sectoral Fund,2.5,500,1
14,501,8.9,Medium,100.0,Hybrid,Medium,Unknown,2.5,500,1
19,874,7.5,Low,100.0,Debt,Low,Unknown,2.5,500,1
13,2840,2.1,Low,100.0,Debt,Low,Unknown,2.5,500,0
18,4505,9.1,Medium,1100.0,Hybrid,Medium,Unknown,2.5,500,1
15,3552,1.6,Low,100.0,Debt,Low,Unknown,2.5,500,0
15,2865,5.8,High,500.0,Equity,High,Unknown,2.5,500,0
13,2025,2.3,Medium,100.0,Hybrid,Medium,Unknown,2.5,500,0
17,4976,1.1,Medium,100.0,Hybrid,Medium,Unknown,2.5,500,0
13,2146,4.8,Low,300.0,Debt,Low,Unknown,2.5,500,1
14,513,3.7,Medium,100.0,Hybrid,Medium,Unknown,2.5,500,1
13,2778,5.4,Low,200.0,Debt,Low,Unknown,2.5,500,1
15,3655,6.2,High,600.0,Equity,High,Unknown,2.5,500,0
19,629,1.4,Medium,0.0,Index,Medium,Generic Index Fund,2.5,500,0
13,4314,2.1,Low,200.0,Debt,Low,Unknown,2.5,500,0
17,3716,6.0,Low,300.0,Debt,Low,Unknown,2.5,500,1
19,3438,4.1,Low,400.0,Debt,Low,Unknown,2.5,500,1
18,4428,7.6,Medium,1200.0,Hybrid,Medium,Unknown,2.5,500,1
16,2540,6.9,Low,400.0,Liquid,Low,Generic Liquid Fund,2.5,500,1
13,527,8.6,Medium,100.0,Hybrid,Medium,Unknown,2.5,500,1
17,2613,7.2,Low,500.0,Liquid,Low,Generic Liquid Fund,2.5,500,1
19,1752,4.9,Medium,100.0,Index,Medium,Generic Index Fund,2.5,500,1
17,4856,7.1,High,900.0,Equity,High,Unknown,2.5,500,1
18,2546,3.5,Medium,200.0,Balanced,Medium,Generic Balanced Fund,2.5,500,1
15,4523,3.8,Medium,200.0,Balanced,Medium,Generic Balanced Fund,2.5,500,1
17,4896,8.1,Low,400.0,Debt,Low,Unknown,2.5,500,1
19,3874,5.0,Low,600.0,Debt,Low,Unknown,2.5,500,1
17,3966,8.2,Medium,500.0,Hybrid,Medium,Unknown,2.5,500,1
17,3581,8.4,Low,900.0,Debt,Low,Unknown,2.5,500,1
17,4278,8.7,Medium,600.0,Hybrid,Medium,Unknown,2.5,500,1
14,1129,9.2,Low,200.0,Debt,Low,Unknown,2.5,500,1
14,769,4.9,Low,100.0,Liquid,Low,Generic Liquid Fund,2.5,500,1
15,3139,3.9,Low,300.0,Debt,Low,Unknown,2.5,500,1
13,2493,6.2,High,400.0,Sectoral,High,Generic Sectoral Fund,2.5,500,0
17,3391,4.3,Low,200.0,Debt,Low,Unknown,2.5,500,1
18,3932,6.4,Medium,500.0,Hybrid,Medium,Unknown,2.5,500,1
13,1780,7.4,Low,200.0,Debt,Low,Unknown,2.5,500,1
18,2860,7.2,Medium,500.0,Hybrid,Medium,Unknown,2.5,500,1
13,1075,4.4,Low,100.0,Debt,Low,Unknown,2.5,500,1
15,1807,2.5,High,100.0,Equity,High,Unknown,2.5,500,0
17,3692,4.9,High,500.0,Sectoral,High,Generic Sectoral Fund,2.5,500,1
17,3678,2.3,Low,200.0,Debt,Low,Unknown,2.5,500,0
16,3234,9.0,High,500.0,Equity,High,Unknown,2.5,500,1
18,2712,4.1,High,200.0,Sectoral,High,Generic Sectoral Fund,2.5,500,1
13,2852,2.4,High,200.0,Sectoral,High,Generic Sectoral Fund,2.5,500,0
13,4068,1.2,High,100.0,Equity,High,Unknown,2.5,500,0
14,2155,6.8,Low,300.0,Debt,Low,Unknown,2.5,500,1
16,2079,6.7,Medium,300.0,Index,Medium,Generic Index Fund,2.5,500,1
19,2703,4.1,Low,200.0,Debt,Low,Unknown,2.5,500,1
19,1890,1.6,Low,0.0,Debt,Low,Unknown,2.5,500,0
14,2242,4.7,High,100.0,Equity,High,Unknown,2.5,500,0
14,2425,3.8,Low,200.0,Liquid,Low,Generic Liquid Fund,2.5,500,1
14,1119,7.1,Medium,100.0,Hybrid,Medium,Unknown,2.5,500,1
18,1774,6.5,High,100.0,Small Cap,High,Generic Small Cap Fund,2.5,500,1
18,1456,4.3,High,100.0,Equity,High,Unknown,2.5,500,1
15,2439,3.0,High,200.0,Sectoral,High,Generic Sectoral Fund,2.5,500,0
15,4453,9.9,Low,1200.0,Debt,Low,Unknown,2.5,500,1
14,2881,5.1,Low,300.0,Debt,Low,Unknown,2.5,500,1
16,1468,7.2,Medium,200.0,Index,Medium,Generic Index Fund,2.5,500,1
13,1816,2.3,Low,100.0,Debt,Low,Unknown,2.5,500,0
18,1543,5.4,Low,100.0,Debt,Low,Unknown,2.5,500,1
16,781,1.2,Low,0.0,Debt,Low,Unknown,2.5,500,0
17,3344,5.5,Medium,300.0,Hybrid,Medium,Unknown,2.5,500,1
18,1558,9.7,Medium,200.0,Hybrid,Medium,Unknown,2.5,500,1
18,4793,4.5,Low,400.0,Debt,Low,Unknown,2.5,500,1
15,3032,1.4,Medium,100.0,Hybrid,Medium,Unknown,2.5,500,0
13,4328,1.3,Low,100.0,Debt,Low,Unknown,2.5,500,0
13,1508,4.5,Low,100.0,Debt,Low,Unknown,2.5,500,1
19,1729,2.4,Medium,100.0,Balanced,Medium,Generic Balanced Fund,2.5,500,0
19,1535,1.2,Medium,0.0,Balanced,Medium,Generic Balanced Fund,2.5,500,0
19,775,7.8,Medium,100.0,Hybrid,Medium,Unknown,2.5,500,1
19,3240,5.1,Low,400.0,Debt,Low,Unknown,2.5,500,1
17,2789,3.6,High,200.0,Small Cap,High,Generic Small Cap Fund,2.5,500,1
17,1739,9.1,Medium,200.0,Hybrid,Medium,Unknown,2.5,500,1
18,625,2.0,Medium,0.0,Index,Medium,Generic Index Fund,2.5,500,0
14,4565,9.6,Medium,1200.0,Index,Medium,Generic Index Fund,2.5,500,1
15,4812,3.8,High,500.0,Sectoral,High,Generic Sectoral Fund,2.5,500,0
15,4368,9.0,Medium,900.0,Hybrid,Medium,Unknown,2.5,500,1
19,1708,6.4,Medium,200.0,Index,Medium,Generic Index Fund,2.5,500,1
18,3749,8.4,High,400.0,Sectoral,High,Generic Sectoral Fund,2.5,500,1
16,1418,9.9,Medium,300.0,Balanced,Medium,Generic Balanced Fund,2.5,500,1
14,4423,3.6,Medium,200.0,Hybrid,Medium,Unknown,2.5,500,1
18,4903,9.7,Medium,1700.0,Hybrid,Medium,Unknown,2.5,500,1
14,2469,4.5,Low,300.0,Debt,Low,Unknown,2.5,500,1
14,3293,4.5,Low,200.0,Debt,Low,Unknown,2.5,500,1
14,1391,4.1,Medium,100.0,Balanced,Medium,Generic Balanced Fund,2.5,500,1
18,4970,5.9,High,500.0,Equity,High,Unknown,2.5,500,1
19,2533,2.4,High,100.0,Equity,High,Unknown,2.5,500,0
15,1864,6.0,Low,200.0,Debt,Low,Unknown,2.5,500,1
15,628,5.9,Medium,100.0,Balanced,Medium,Generic Balanced Fund,2.5,500,1
19,1514,7.9,Low,300.0,Liquid,Low,Generic Liquid Fund,2.5,500,1
14,2299,8.5,High,200.0,Equity,High,Unknown,2.5,500,0
16,2018,5.0,High,200.0,Equity,High,Unknown,2.5,500,1
13,4681,3.7,Medium,400.0,Hybrid,Medium,Unknown,2.5,500,1
18,1698,3.3,High,100.0,Sectoral,High,Generic Sectoral Fund,2.5,500,1
13,4373,2.8,Medium,200.0,Balanced,Medium,Generic Balanced Fund,2.5,500,0
19,2974,1.5,Medium,100.0,Index,Medium,Generic Index Fund,2.5,500,0
16,3985,4.1,Low,200.0,Debt,Low,Unknown,2.5,500,1
18,4549,3.4,Medium,400.0,Index,Medium,Generic Index Fund,2.5,500,1
